id,descendants,title
16619917,1766,Self-driving Uber car kills Arizona woman crossing street
17154971,1467,GDPR for lazy people: Block all European users with Cloudflare Workers
17221527,1436,Microsoft Is Said to Have Agreed to Acquire GitHub
16643056,1323,Tempe Police Release Video of Uber Accident
16967543,1198,Ask HN: Who is hiring? (May 2018)
16492994,1187,Ask HN: Who is hiring? (March 2018)
17513828,1173,MacBook Pro with faster performance and new features for pros
18164189,1124,Ask HN: Cheap places to live with a good intellectual atmosphere?
16954306,1123,"StreetLend.com shuts down, citing GDPR regulations"
16737072,1111,"Apple Plans to Use Its Own Chips in Macs from 2020, Replacing Intel"
18113144,1110,Ask HN: Who is hiring? (October 2018)
16735011,1084,Ask HN: Who is hiring? (April 2018)
16282819,1070,Ask HN: Who is hiring? (February 2018)
17663077,1068,Ask HN: Who is hiring? (August 2018)
16755530,1061,Google Workers Urge C.E.O. To Pull Out of Pentagon A.I. Project
18354503,1057,Ask HN: Who is hiring? (November 2018)
17967366,1056,"EU approves internet copyright law, including ‘link tax’ and ‘upload filter’"
18321884,1053,IBM acquires Red Hat
18225760,1052,Ask HN: What discontinued company/product do you wish was still around?
18120221,1006,Amazon raises minimum wage to $15 for all US employees
16098676,1003,James Damore has filed a class action lawsuit against Google
16874015,997,The latest trend for tech interviews: Days of unpaid homework
18000698,996,"Linus Torvalds apologizes for his behavior, takes time off"
18589702,954,Ask HN: Who is hiring? (December 2018)
17286939,939,Ask HN: Pros and cons of working at a startup in 2018?
17095217,923,GDPR: Removing Monal from the EU
17902901,922,Ask HN: Who is hiring? (September 2018)
17556497,918,European Commission fines Google €4.34B in Android antitrust case
17205865,911,Ask HN: Who is hiring? (June 2018)
16052538,911,Ask HN: Who is hiring? (January 2018)
17413572,897,Apple Engineers Its Own Downfall with the Macbook Pro Keyboard
18706193,886,Glitter bomb tricks parcel thieves
17927972,876,Chrome 69: “www.” subdomain missing from URL
18052923,875,Why I’m done with Chrome
16319505,872,SpaceX’s Falcon Heavy successfully launches
17442187,859,Ask HN: Who is hiring? (July 2018)
18542830,840,We are Google employees – Google must drop Dragonfly
18088099,825,SEC Sues Musk and Seeks Ban for His Tweets on Go-Private Deal
16813823,824,Tesla issues strongest statement yet blaming driver for deadly crash
16406861,819,"Like Peter Thiel, Tech Workers Feel Alienated by Silicon Valley ‘Echo Chamber’"
16334241,812,Chrome 68 will mark all HTTP sites as “not secure”
18064537,810,Chrome 69 will keep Google Cookies when you tell it to delete all cookies
18635010,807,Ask HN: Which abandoned proprietary software would you resurrect?
17099484,800,GDPR: Don't Panic
17227286,798,Microsoft acquires Github
16396554,793,Fired Google Engineer Loses Diversity Memo Challenge
18337384,783,iPad Pro
16367997,777,Who Killed the Junior Developer?
18138328,769,The Big Hack: How China Used a Tiny Chip to Infiltrate Amazon and Apple
17967243,766,"Microsoft intercepting Firefox, Chrome installation on Windows 10 Insider build"
17909992,755,Mercedes Readies First Tesla Rival in $12B Attack
17499137,753,Goodbye Microservices: From 100s of problem children to 1 superstar
16483241,751,Why I Quit Google to Work for Myself
17022963,750,Google Duplex: An AI System for Accomplishing Real World Tasks Over the Phone
16912546,741,Things I Learned from a Job Hunt for a Senior Engineering Role
18595025,740,Firefox desktop market share now below 9%
18595069,733,Microsoft is building a Chromium browser to replace Edge on Windows 10
18169243,732,Shutting Down Google+ for Consumers
17385291,732,Ask HN: What are the things that you have automated in your personal life?
18763486,730,"Patreon Bars Anti-Feminist for Racist Speech, Inciting Revolt"
18538881,724,"I still miss my headphone jack, and I want it back"
18008993,723,EU to stop changing the clocks in 2019
17361168,722,Firefox is back. It's time to give it a try
16177113,721,Amazon announces candidate cities for HQ2
17515492,721,“I'm basically giving myself a permanent vacation from being BDFL”
16424954,721,Why is it hard to make friends over 30? (2012)
16569778,717,Reddit and the Struggle to Detoxify the Internet
17962565,715,How America lost its love for the stick shift
16643040,714,YouTube and Reddit roll out new restrictions including channel and sub bans
17145204,710,"Amazon device recorded private conversation, sent it out to random contact"
17620543,710,Slack Is Buying HipChat from Atlassian
16934942,695,Stack Overflow Isn’t Very Welcoming – It’s Time for That to Change
16996420,692,Canada facing ‘brain drain’ as tech talent leaves for Silicon Valley
18342996,690,My somewhat complete salary history as a software engineer
16849520,689,Amazon warehouse workers 'peed in bottles' fearing punishment for taking breaks
16472774,688,How GDPR Will Change The Way You Develop
16813796,688,Fuchsia is not Linux
18285606,680,Carbon Removal Technologies
17864026,679,Some Facebook Employees Unite to Challenge Its ‘Intolerant’ Liberal Culture
18014283,679,Life in the Spanish city that banned cars
18672951,661,Robinhood launches 3% checking account
18613124,658,Canada has arrested Huawei’s global chief financial officer in Vancouver
16202205,657,Linus Torvalds: “Somebody is pushing complete garbage for unclear reasons.”
16727869,657,"1.1.1.1: Fast, privacy-first consumer DNS service"
17151466,657,GDPR: US news sites unavailable to EU users over data protection rules
18622516,657,"Goodbye, EdgeHTML"
16105745,654,The day I accidentally killed a little boy
17230273,644,"Hello, GitHub"
18389949,639,2018 Mac Mini Review
18278510,636,iPhones are hard to use
17231120,636,Apple introduces macOS Mojave
18562082,635,"‘I’m Broke and Mostly Friendless, and I’ve Wasted My Whole Life’"
17076090,634,I Got Catfished by a Candidate
16633774,628,WhatsApp co-founder tells everyone to delete Facebook
18772873,627,Please do not attempt to simplify this code
17081684,625,US cell carriers are selling access to real-time phone location data
16216329,625,Ending Bitcoin Support
18112734,621,New Zealand travellers refusing digital search now face $5k Customs fine
16688521,615,Oracle Wins Revival of Billion-Dollar Case Against Google
16465762,615,"Ask HN: I'm writing a book about white-collar drug use, including tech sector"
16389666,612,Why I don't use my real photo when messaging with customers on my website
17962460,612,Americans Want to Believe Jobs Are the Solution to Poverty. They’re Not
18094823,609,Facebook Network Breach Impacts Up to 50M Users
16806114,608,Why SQLite Does Not Use Git
18724107,608,Slack closes account of an Iranian user living in Canada
18745763,601,Ask HN: What technologies did you learn in 2018?
16539857,600,Tell HN: Slack decides to close down IRC and XMPP gateways
16987229,598,Stripe to donate $1M to California Yimby
17007036,597,Subscription Hell
16734185,597,The End of Windows
16654698,596,Craigslist takes personals sections offline in response to FOSTA
16065845,593,Reading privileged memory with a side-channel
16975096,593,I've spent the last two years building a new email client
16876821,592,‘I Fundamentally Believe That My Time at Reddit Made the World a Worse Place’
18714580,591,What I learned from reading a thousand emergency room bills
17342126,589,Elon Musk emails employees about 'extensive and damaging sabotage' by employee
18176993,584,"New Google Pixel 3, Pixel Slate, and Home Hub"
17189905,584,Reddit just passed Facebook as #3 most popular website in US
17365366,583,"States Can Require Internet Tax Collection, Supreme Court Rules"
18422422,582,Sweden's cashless society is no longer a utopia
18442637,579,Ask HN: What's the largest amount of bad code you have ever seen work?
16678209,578,"Avoid Else, Return Early (2013)"
18469905,576,International System of Units overhauled in historic vote
18464358,576,The US Is Preparing to Prosecute Julian Assange
18238581,575,Helm: Personal Email Server
17736046,570,1/0 = 0
16409768,570,Ask HN: What has HN given you?
17424970,569,Apple is rebuilding Maps from the ground up
18511184,568,Ditching the MacBook Pro for a MacBook Air
18054574,568,Ask HN: Best alternative to Gmail?
18328750,567,Facebook exodus: Nearly half of young users have deleted the app
17790031,567,HUD Files Housing Discrimination Complaint Against Facebook
18092108,564,Did I just waste 3 years?
18098992,564,Ask HN: What things have richly rewarded the time invested in mastering them?
16601883,562,"China to bar people with bad 'social credit' from planes, trains"
16761602,562,Tesla crash in September showed similarities to fatal Mountain View accident
16337434,561,Is developer compensation becoming bimodal?
17217210,558,Ask HN: What's your favorite way of getting a web app up quickly in 2018?
17874320,556,Bullshit Jobs
17757023,556,"Americans Own Less Stuff, and That’s Reason to Be Nervous"
16059257,555,Why the U.S. Spends So Much More Than Other Nations on Health Care
17835760,555,Former Tesla Firmware Engineer Discusses the System
17350645,554,The Machine Fired Me
17867109,552,Ask HN: What do you struggle with?
17208293,552,Microsoft and GitHub have held acquisition talks
17371074,551,Twitter ‘smytes’ customers
17655089,550,The Bullshit Web
17959085,545,Amazon is stuffing its search results pages with ads
16641550,544,Zuckerberg on Cambridge Analytica situation
16922396,544,Medicare will require hospitals to post prices online
16060855,543,Intel Confronts Potential ‘PR Nightmare’ With Reported Chip Flaw
17497410,540,Thailand cave rescue: all 12 boys and coach successfully rescued
16153840,539,Google Memory Loss
16757044,538,What Did Ancient Romans Do Without Toilet Paper?
17465812,536,California law requires businesses to let you cancel your subscription online
18302349,535,Google paid Andy Rubin $90M while keeping silent about a misconduct claim
16761349,535,Why are diapers so expensive?
18706174,535,Reasons Python Sucks
17997487,534,Was ditching the headphone jack a good idea?
17979489,534,Amazon's Bezos Launches $2B Fund to Help the Homeless
18462671,533,‘I Don’t Really Want to Work for Facebook.’ Say Some Computer Science Students
16359493,532,"The Long, Slow Decline of BitTorrent (2017)"
17138356,531,"Bitcoin Gold Hit by Double Spend Attack, Exchanges Lose Millions"
16789321,531,Credit Card Signatures Are About to Become Extinct in the U.S
18600220,530,"Ask HN: What to do after $8M (all cash, post tax) exit?"
17981045,528,SETI spots dozens of new mysterious signals emanating from distant galaxy
18290927,528,Tim Cook makes blistering attack on the “data industrial complex”
17570029,527,"Farewell, Google Maps"
18594564,524,Quora User Data Compromised
17727581,524,Microsoft threatens to stop hosting Gab unless posts are removed
16606629,523,The Nightmare Letter: A Subject Access Request Under GDPR
16977035,523,"Both in rich and poor countries, universal health care brings huge benefits"
16461773,522,How poverty changes your mindset
17257239,521,NTSB: Autopilot steered Tesla car toward traffic barrier before deadly crash
16264662,520,"Amazon, Berkshire, JPMorgan to Create Healthcare Company"
16225455,519,Jack White bans phones at gigs for “100% human experience”
16663475,518,"Omaha man ‘liked’ a tweet, then lost his job"
16585892,517,"Theranos, CEO Holmes, and Former President Balwani Charged with Fraud"
18561587,516,"Go 2, here we come"
17048446,516,Pyre: Fast Type Checking for Python
18343941,515,"When Adolescents Give Up Pot, Their Cognition Quickly Improves"
16748529,514,Report of Active Shooter at YouTube HQ
17619658,514,Bay Area cities are cracking down on free food at tech companies
16057449,514,"NSA’s top talent is leaving because of low pay, flagging morale, unpopular reorg"
18657532,513,Firefox 64 Released
16483889,512,The Makefile I use with JavaScript projects
16638570,509,Guide to Slack import and export tools
18605709,509,Why Do Hospitals Hate Sleep So Much?
17208065,508,Shutting Down Forum (GDPR)
16112163,507,A Type of Road Junction that Kills Cyclists
17775906,507,NYU Makes Tuition Free for All Medical Students
16781959,506,The dots do matter: how to scam a Gmail user
17015644,506,Who controls glibc?
17203304,505,How to get rich without getting lucky
17280558,504,Alternatives to Google Products
18309305,504,A Dark Consensus About Screens and Kids Begins to Emerge in Silicon Valley
16511038,502,Project Gutenberg blocks access from Germany
18379943,502,"As women have more equal opportunity, the more their preferences differ from men"
16659656,502,"Elon Musk Deletes Own, SpaceX and Tesla Facebook Pages After #deletefacebook"
16170235,502,"Apple plans new U.S. campus, to pay $38B in foreign cash taxes"
17264718,500,Chatbots were the next big thing: what happened?
16382605,500,Sex and STEM: Stubborn Facts and Stubborn Ideologies
17323485,500,"U.S. Files Criminal Charges Against Theranos’s Elizabeth Holmes, Ramesh Balwani"
18181503,499,Ask HN: What can be done to prevent a climate catastrophe?
18349887,499,JavaScript is now required to sign in to Google
17536352,497,2018 MacBook Pro Review
18640755,497,Crypto Market Crash Leaving Bankrupt Startups in Its Wake
17202179,496,Leaked Emails Show Google Expected Military Drone AI Work to Grow Exponentially
16473729,496,"After rising for 100 years, electricity demand is flat"
16785507,496,Ask HN: Are there any reasonable alternatives to MacBook Pro for developer?
16970199,496,Amazon threatens to suspend Signal's AWS account over censorship circumvention
17177817,495,So Your Startup Received the Nightmare GDPR Letter
17609327,494,Liquid water 'lake' revealed on Mars
17692005,494,Ask HN: What is the most unethical thing you've done as a programmer?
17970838,492,Apple Special Event [video]
18787689,492,How the Valley treats experienced people
16087024,492,Many packages suddenly disappeared
17184054,492,AI winter is well on its way
17247135,491,Things I Regret About Node.js [video]
16721690,491,It's time to head back to RSS?
18534392,491,Backdoor in event-stream library dependency
18236396,491,Ask HN: What's your favorite elegant/beautiful algorithm?
17371257,490,Google Engineers Refused to Build Security Tool to Win Military Contracts
17075489,489,Completely Silent Computer
18241477,487,You Want 20% for Handing Me a Muffin? The Awkward Etiquette of iPad Tipping
18566929,487,Google Tried to Patent My Work After a Job Interview
18499843,486,Ask HN: Have you ever regretted working on a product?
18059924,485,Am I logged in or not? GDPR case study on the example of Chrome browser change
18120322,485,Coders Automating Their Own Job
17824218,484,"Intel Publishes Microcode Patches, No Benchmarking or Comparison Allowed"
16853203,483,Teenager facing prison for downloading unsecured files from government website
17099969,481,The Stuxnet worm may be the most sophisticated software ever written
18507407,479,"Ask HN: Why not more hiring of junior devs, then on-the-job-training?"
18457200,479,"Companies struggling to fill jobs 'should try paying more,' Fed's Kashkari says"
16899541,478,"Renting is Throwing Money Away, Right? (2015)"
18608658,477,Facebook's seized files published by MPs
16171092,476,California bullet train cost surges by $2.8B
17245864,474,"If wages are to rise, workers need more bargaining power"
18071909,473,Ask HN: What was the best decision you made in your career?
17859963,473,Go 2 Draft Designs
17112670,473,Getting 1Password 7 ready for the Mac App Store
17814386,473,Commons Clause
17476873,473,"MacOS Mojave removes subpixel anti-aliasing, making non-retina displays blurry"
18593582,472,Lime and Bird are growing rapidly
17391567,472,Losing 100 pounds in 276 days
16964681,471,I switched from iPhone to the Pixel 2: One-week report
18105129,470,Questions
16995389,470,The rise of the pointless job
17183057,469,Tesla in autopilot mode crashes into parked Laguna Beach police cruiser
17144160,468,Uber Self-Driving Car That Struck Pedestrian Wasn’t Set to Stop in an Emergency
18234750,468,Ask HN: YouTube down?
17291127,468,Ask HN: Is there a new habit you cultivated recently that is really paying off?
16707421,467,Wall Street rethinks blockchain projects as euphoria meets reality
18229452,467,MongoDB switches up its open source license
17627938,466,"Behemoth, bully, thief: how the English language is taking over the planet"
18102923,465,Elon Musk Settles SEC Fraud Charges
16372234,465,AMP for email is a terrible idea
16772748,465,Another Tesla on autopilot steers towards a barrier
16539401,463,"Facebook Really Is Spying on You, Just Not Through Your Phone's Mic"
16098847,463,The growing body of evidence that digital distraction is damaging our minds
17829656,462,Netflix is the latest company to try bypassing Apple’s app store
16803775,462,Mark Zuckerberg testifies before Congress
16989534,462,Twitter urges users to change passwords after computer 'glitch'
16756863,460,Making the Touch Bar useful by abandoning Apple guidelines
18488520,459,"If you want to understand Silicon Valley, watch Silicon Valley"
18082017,458,Facebook Is Giving Advertisers Access To Your Shadow Contact Information
17377347,458,Keyboard Service Program for MacBook and MacBook Pro
17821181,457,Apple and Google Face Growing Revolt Over App Store ‘Tax’
17320739,456,Pregnancy Discrimination Is Rampant Inside America’s Biggest Companies
18493047,456,"NYC subway and bus services have entered 'death spiral', experts say"
17974365,456,Google’s first all-hands after 2016 election [video]
17723973,455,I don't trust Signal
17223116,455,GitLab sees huge spike in project imports
16146950,455,CES Was Full of Useless Robots and Machines That Don’t Work
16132955,454,Mothers who regret having children are speaking out
16786929,454,Publishers Haven't Realized How Big a Deal GDPR Is
17661995,454,How LeBron James' new public school is the first of its kind
18128477,453,Ask HN: What is your best advice for a junior software developer?
16746680,453,"Spotify opens on NYSE, valuing company at almost $30B"
17231593,452,Deprecation of OpenGL and OpenCL
18071729,451,Product Updates Based on Your Feedback
17408451,450,The Surface Book 2 is everything the MacBook Pro should be
16751608,450,Suspect in YouTube Shooting Posted Rants About the Company Online
18590944,450,Tumblr will ban all adult content on December 17th
17413622,450,Squeezed: Why Our Families Can’t Afford America
16389342,448,The unnecessary demise of Barnes and Noble
18415942,448,Yelp craters 30% as advertisers abandon the site
18192534,448,"Ask HN: Ex-FAANG developers, where are you now and why?"
17392995,447,Why nobody ever wins the car at the mall
17513843,447,"The open-plan office is a terrible, horrible, no good, very bad idea"
17566164,446,Best Buy Is Thriving in the Age of Amazon
17230510,445,Tesla Faces Accelerating Rate of Model 3 Refunds
17032744,444,A female engineer's opinion on why there are fewer women in tech
18084388,441,Hire people who aren’t proven
17506044,441,Employers will do almost anything to find workers except pay them more
17767789,441,Launch HN: The Buttermilk  Company (YC S18) – Homemade Indian Food in 5 Minutes
18083859,441,Linus Torvalds: 'I'll never be cuddly but I can be more polite'
16877395,441,Apple open-sources FoundationDB
17409152,441,Plastic recycling is a problem consumers can't solve
16200007,441,The Death of Microservice Madness in 2018
18011332,440,Ask HN: Why did your startup fail and what did you learn?
17183603,439,De Beers admits defeat over man-made diamonds
17971516,439,Google is discontinuing Inbox
16847781,439,Time to rebuild the web?
17567355,438,San Francisco's zoning makes it illegal to build apartments in 73.5% of the city
16252949,438,"With teen mental health deteriorating over five years, there’s a likely culprit"
18493519,437,"No End in Sight for Crypto Sell-Off as Bitcoin Breaches $4,250"
17060085,437,GDPR will pop the adtech bubble
17300893,437,Office 365 is being completely rewritten in JavaScript
18221172,437,"Survey of YC female founders on sexual harassment, coercion by angels and VCs"
18334263,437,Kids’ Apps Are Crammed With Ads
16582136,436,Stephen Hawking has died
18144489,436,Apple's Proprietary Software Locks Kill Independent Repair on New MacBook Pros
16727319,436,"My Sony ""smart"" TV has updated itself and tried to force me to use a new app"
16624814,436,Police Say Uber Is Likely Not at Fault for Self-Driving Car Fatality in Arizona
16959188,435,"IBM is not doing ""cognitive computing"" with Watson (2016)"
18352275,435,Google staff walk out over women's treatment
17723404,434,Julia 1.0
18608452,433,Thieves boosting signal from key fobs inside homes to steal vehicles
16715709,432,Poor Grades Tied to Class Times That Don’t Match Our Biological Clocks
17894349,431,"Electric Vehicles’ Day Will Come, and It Might Come Suddenly"
16356397,429,Let’s talk about usernames
17532094,429,Ask HN: Favorite note-taking software?
16721197,429,An Update on Last Week’s Accident
16830361,429,Google loses ‘right to be forgotten’ case
18640136,428,Do I really need to get out the soldering-iron again?
16577627,428,A startup is pitching a mind-uploading service that is “100 percent fatal”
16435688,428,Electron 2.0.0 beta
18365851,427,A Heretic's Guide to Deplatforming
16160947,426,Lyft says nearly 250K of its passengers ditched a personal car in 2017
17014807,426,Uber vehicle reportedly saw but ignored woman it struck
16652952,426,The health care toll today’s work culture exacts on employees
17347560,426,Blender is testing PeerTube after YouTube blocks their videos worldwide
17083436,426,The sad state of sysadmin in the age of containers (2015)
17513959,426,"People Aren’t Dumb, the World Is Hard"
17235832,426,Ask HN: Are you working on interesting technical problems?
17977631,424,Driverless Hype Collides with Merciless Reality
17751383,424,Would You Let the I.R.S. Prepare Your Taxes? (2015)
16158918,424,How Automakers Invented the Crime of “Jaywalking”
18388040,423,Did You Vote? Now Your Friends May Know (and Nag You)
18529764,423,Richard Stallman: We Can Do Better Than Bitcoin
18477387,422,Ask HN: What's the hardest problem you've ever solved?
17804916,421,Docker cannot be downloaded without logging into Docker Store
18472018,421,"Elementary OS – Fast, open, privacy-respecting replacement for Windows and macOS"
16934364,420,"High-Paying Trade Jobs Sit Empty, While High School Grads Line Up for University"
17859508,420,"Air-conditioners do great good, but at a high environmental cost"
16583572,419,How knowing Lisp destroyed my programming career (2006)
17492750,418,Half of ICOs Die Within Four Months After Token Sales Finalized
17039144,418,Microsoft Turned Consumers Against the Skype Brand
16886328,418,Wells Fargo Hit with $1B in Fines
18441768,418,GitLab Made $10.5M in Revenue with Every Employee Working from Home
17987723,418,Apple's best product is now privacy
16754281,418,Suspect in YouTube Shooting Angry That Her Videos Had Been 'De-Monetized'
18356659,418,On Hold for 45 Minutes? It Might Be Your Secret Customer Score
17072806,418,Has wine gone bad?
16353307,417,"Insider trading has been rife on Wall Street, academics conclude"
16505244,417,Show HN: My embarrassing personal website from the 90s
17222177,417,Nearly half of Bay Area residents say they want to leave
18717168,417,"Bye Bye Mongo, Hello Postgres"
17308935,416,Elon Musk’s Boring Co. Wins Chicago Airport High-Speed Train Bid
17732912,416,Ending support for Dropbox syncing to drives with certain uncommon file systems
17094488,415,US Births Dip to 30-yr Low; Fertility Rate Sinks Further Below Replacement Level
16177916,415,Walkable Streets Are More Economically Productive
18374938,415,Google's interview system: it's not about solving the problem
17766031,414,Companies Shouldn’t Be Accountable Only to Shareholders
16500974,414,Ex-Google recruiter: I was fired because I resisted “illegal” diversity efforts
17891694,414,$600 Chromebooks are a dangerous development for Microsoft
17656857,413,Apple Reports Third Quarter Results
18150833,413,The First Rule of Microsoft Excel: Don’t Tell Anyone You’re Good at It
16394857,412,Learning to program is getting harder
18727020,412,"Amazon Sends 1,700 Alexa Voice Recordings to a Random Person"
17660872,412,"Google Plans to Launch Censored Search Engine in China, Leaked Documents Reveal"
18349421,411,Compare career levels across companies
16554019,411,Martin Shkreli has been sentenced to seven years in prison
18663860,410,Google transferred ownership of Duck.com to DuckDuckGo
16630971,410,"Launch HN: Promise (YC W18) – Cost-effective, more humane alternative to jail"
17092485,410,College May Not Be Worth It Anymore
17592422,409,Google: Security Keys Neutralized Employee Phishing
18075159,408,"Mmm, Pi-hole"
16252372,407,"After Surgery in Germany, I Wanted Vicodin, Not Herbal Tea"
17709922,407,Power Worth Less Than Zero Spreads as Green Energy Floods the Grid
18428497,407,Google Kubernetes Engine's third consecutive day of service disruption
18184697,407,Amazon scraps secret AI recruiting tool that showed bias against women
17351600,406,Canada legalises recreational cannabis use
16073039,406,XPS 13 developer edition 7th generation available
17853077,406,I know why rejection emails suck – I write them
16849143,406,I built a progressive web app and published it in three app stores
16925646,406,Kazakhstan is changing its alphabet from Cyrillic to Latin-based
17259082,405,AI at Google: our principles
17283420,405,The Repeal of Net Neutrality Is Official
18238965,405,The Student Loan Debt Crisis Is About to Get Worse
16714018,404,Internal Facebook posts of employees discussing leaked memo
16267428,404,"U.S. Regulators to Subpoena Crypto Exchange Bitfinex, Tether"
18295942,404,Tesla Third Quarter 2018 Update [pdf]
17252947,403,The end of India’s ‘IT miracle’?
18384883,403,"Inside Tesla’s factory, a medical clinic designed to ignore injured workers"
16437452,402,"Taiwan ban single-use plastic straws, plastic bags, disposable utensils by 2030"
17648104,402,Uber shuts down self-driving trucks unit
17554902,401,"MacBook Pro with i9 chip is throttled due to thermal issues, claims YouTuber"
18614923,401,"The latest on Messages, Allo, Duo and Hangouts"
16802530,400,Productivity
16939504,400,"Two Koreas Agree to End War This Year, Pursue Denuclearization"
17551514,399,Riot Games Approach to Anti-Cheat
17616459,399,Is WebAssembly the Return of Java Applets and Flash?
18780300,398,Teachers Quit Jobs at Highest Rate on Record
16618469,398,#deletefacebook
18407482,397,A note to our employees
16987597,397,Tesla Plunges After a Conference Call
18470006,397,Microsoft Is Putting Ads on the Mail App in Windows 10
17787275,397,My dad’s resume and skills from 1980
18527917,397,"AI Mistakes Bus-Side Ad for Famous CEO, Charges Her With Jaywalking"
18748135,397,Ask HN: Did you delete your Facebook account in 2018?
16258434,396,My new favorite book of all time
17626915,396,How did Google get so big?
18274663,396,Announcing the GNU Kind Communication Guidelines
17159946,396,GDPR: Programmatic ad buying plummets in Europe
17288321,395,American toddlers are eating more sugar than the amount recommended for adults
16623835,395,Facebook Security Chief Said to Leave After Clashes Over Disinformation
16420271,395,One year of cycling to work
16323105,394,Designing Windows 95’s User Interface
16862925,394,Facebook Container for Firefox
17358103,394,YAML: probably not so great after all (2017)
16454726,394,Trump administration cracks down on H-1B visa abuse
18184830,393,Microsoft Joins the Open Invention Network
18616303,393,Australian parliament passes encryption laws unamended
17260911,393,"For more and more people, work appears to serve no purpose"
18130752,392,Denmark to ban petrol and diesel car sales by 2030
18074690,392,WhatsApp Cofounder Brian Acton on Why He Left $850M Behind
16710838,392,U.S. To Seek Social Media Details from All Visa Applicants
17957660,391,The Real Cost of the 2008 Financial Crisis
17929840,391,Whole Foods workers seek to unionize
17513576,391,Ask HN: 2018 Summer Reading List?
16437973,391,Hacker News's Undocumented Features and Behaviors
18779434,390,Audiophiles in Japan Are Installing Their Own Power Poles
16872542,390,"Facebook to change user terms, limiting effect of EU privacy law"
16230933,390,Waze Carpool
16723099,390,I almost lost my hearing from the lid on the tank of a toilet
17354442,390,European parliament committee approves vote on ‘disastrous’ copyright bill
17812292,390,National prison strike launches over underpaid labor and prison conditions
16738928,390,Stock Markets Tumble Amid Worries Over Tech Firms and Trade Tensions
16072368,389,Intel Issues Updates to Protect Systems from Security Exploits
17029418,389,The Wealthy Are Hoarding $10B of Bitcoin in Bunkers
16724962,388,Facebook Secretly Saved Videos Users Deleted
17613442,388,Facebook stock drops more than 20% after revenue forecast misses
18370409,388,Amazon HQ2: Advanced talks about second headquarters in Northern Virginia
18469658,387,"I Found the Best Burger Place in America, Then I Killed It"
18284612,387,Coinbase is launching support for the USDC stablecoin
17302054,387,"Bitcoin’s Price Was Artificially Inflated Last Year, Researchers Say"
18582193,387,Mozilla hit with takedown request for anti-paywall addons
17717241,386,Google AMP – A 70% drop in our conversion rate
17542993,386,"Jeff Bezos Becomes the Richest Man in Modern History, Topping $150B"
16225531,386,"Curry spice turmeric boosts memory by nearly 30%, eases depression, study finds"
16140761,386,"Alert About Missile Bound for Hawaii Was Sent in Error, Officials Say"
16668267,386,Sex Workers Say Porn on Google Drive Is Suddenly Disappearing
16182318,385,Getting free of toxic tech culture
16997272,384,Please Stop Using Adblock (But Not Why You Think)
16627697,384,Ex-Facebook insider says covert data harvesting was routine
17313392,384,Dell XPS 13 Review from a lifelong Mac user
18433883,384,Reasons to Fear Another ‘Great War’
18483460,384,Ask HN: Best Command-Line Applications?
16292143,384,How a Medical Catastrophe Can Bankrupt a Life
17173960,384,America has a truck driver shortage
16178340,383,"Google, You Creepy Sonofabitch"
17861803,383,How the Dutch created a casual biking culture
17869249,383,Bye bye BetterSlack
18797174,383,Netflix stops paying the ‘Apple tax’ on its $853M in annual iOS revenue
16106207,383,Apple's privacy feature costs ad companies millions
17389842,382,Model predicts we're the only advanced civilization in the observable universe
17592167,382,"Our experience launching a paid, proprietary product on Linux"
17789456,382,Stacking concrete blocks is a surprisingly efficient way to store energy
18548742,381,Japan Is Giving Away 8M Abandoned Houses
18403497,381,Google Plans Large New York City Expansion
17375831,381,"IRC.com Bought by London Trust Media, Pledges an IRC Revival"
18598989,380,Leaving NYC for Nashville
17664518,380,Facebook’s New Message to WhatsApp: Make Money
17417216,379,Most Americans Think Facebook and Twitter Censor Their Political Views
16485975,379,Spotify Form F-1
16517918,379,Facebook’s tracking of non-users ruled illegal again in Europe
18293568,379,America’s Need for Skilled Immigrants Isn’t Going Away
17820626,379,Edge Computing at Chick-fil-A
17400940,378,Instagram Is Estimated to Be Worth More Than $100B
16978932,378,Python startup time: milliseconds matter
17878239,378,California Moves to Require 100% Clean Electricity by 2045
16449188,378,Dropbox S-1
18016250,378,Tesla Faces U.S. Criminal Probe Over Musk Statements
16361614,378,German court rules Facebook use of personal data illegal
18367680,377,Housing can’t both be a good investment and be affordable
18020018,377,Facebook Is Letting Job Advertisers Target Only Men
18336775,377,"Apple Finally Updates MacBook Air with Retina Display, Touch ID"
16541235,376,All of Oculus’s Rift headsets have stopped working due to an expired certificate
17186591,376,Scrum disempowers developers
16884067,376,Towards Scala 3
16750976,376,Facebook CEO says no plans to extend all of GDPR globally
16349897,376,How did Google Talk change from a dream to a nightmare?
17802237,376,Nvidia announces RTX 2000 GPU series with ‘6x more performance’ and ray-tracing
17244525,376,Microsoft has sunk a data centre in the sea to investigate energy efficiency
18100243,375,DuckDuckGo Traffic
18122824,375,Should you learn C to “learn how the computer works”?
16308961,375,U.S. consumer protection official puts Equifax probe on ice
18600950,375,"Announcing Open Source of WPF, Windows Forms, and WinUI"
17788060,375,Mastodon Is Better Than Twitter: Elevator Pitch
16629673,375,Police Say Video Shows Woman Stepped Suddenly in Front of Self-Driving Uber
18766314,375,Hospital prices are about to go public in the U.S.
18246130,374,US Announces Withdraw From Postal Treaty
17045790,374,Ask HN: Which books have made you introspect?
17800280,374,More Americans report near-constant cannabis use
18440756,374,Medium is a poor choice for blogging
16602151,374,"Bus Lane Blocked, He Trained His Computer to Catch Scofflaws"
16388833,374,Google removes ‘view image’ button from search results
17466400,374,"Vue.js: the good, the meh, and the ugly"
18016275,374,China Once Looked Tough on Trade. Now Its Options Are Dwindling
16829473,374,"Microsoft, Google, Mozilla, and Apple Object to W3C Fork of DOM Spec"
17295725,373,Tesla is laying off ‘about 9%’ of its workforce as it ‘restructures’ the company
18504879,372,Why Aren't There C Conferences?
18364774,372,Apple Used to Be an Inventor. Now It’s Mainly a Landlord
18203812,372,Trump Just Signed a Law That Changes Life Aboard Airlines
17657738,371,Credit-Card Backlash Mounts as Kroger Weighs Expanding Visa Ban
17876598,371,Changing Our Approach to Anti-Tracking
17382400,371,A world of free movement would be $78T richer
18700471,371,Google’s Secret China Project “Effectively Ended” After Internal Confrontation
16628347,371,"FTC Probing Facebook for Use of Personal Data, Source Says"
17021518,370,iOS 11.4 to Disable USB Port After 7 Days: What It Means for Mobile Forensics
17682494,370,Learning from Terminals to Design the Future of User Interfaces
18191966,370,Astronauts escape malfunctioning Soyuz rocket
17152496,369,Google and Facebook accused of breaking GDPR laws
16484040,369,"Show HN: Buy Me A Coffee – A free, fast and friendly way to receive donations"
16411662,369,Ask HN: Is it 'normal' to struggle so hard with work?
18156503,369,"Microsoft suspends Windows 10 update, citing data loss reports"
18678929,368,Google One
18588239,368,NULL: The worst mistake of computer science? (2015)
16931491,368,"A Lengthy, Pedantic Review of Ubuntu 18.04 LTS (Bionic Beaver)"
16980292,367,AT&T updates firmware to block access to 1.1.1.1
18642336,367,JIRA is an antipattern
16378888,367,Facebook spamming users via their 2FA phone numbers
17066846,366,John Carmack: My Steve Jobs Stories
18570646,366,"Sedans Aren’t Dead, American Sedans Are"
17140638,366,Instapaper is temporarily shutting off access for European users due to GDPR
17109290,366,A Wikipedia editor's long-running campaign
18176620,366,New Evidence of Hacked Supermicro Hardware Found in U.S. Telecom
18358902,366,Apple's New Map
18588727,366,Ask HN: What are your “brain hacks” that help you manage everyday situations?
18387617,366,Amazon Plans to Split HQ2 in Two Locations: NY and VA
16967865,366,"Introducing .app, a more secure home for apps on the web"
17643541,364,"In Brazil, it is considered rude to be on time to a party"
18007675,364,iOS 12 released
17859897,364,"Insured, but Still Owing $109K for a Heart Attack"
16650800,364,BMW says electric car mass production not viable until 2020
16606973,364,Repair cafés waging war on throwaway culture
16827248,364,Goldman Sachs questions whether curing patients is a sustainable business model
17320434,363,White House announces 25 percent tariff on Chinese tech goods
16157798,363,The screen that set off the ballistic missile alert on Saturday
17987393,363,"Cycling Is Key to Safer, Healthier, More Vital Cities"
18353425,363,Tim Berners-Lee says tech giants may have to be split up
17148432,363,"Andy Rubin Puts Essential Up for Sale, Cancels Next Phone"
18794757,362,Living paycheck to paycheck is disturbingly common
17866030,362,Teens who refuse to use social media
17884553,362,EU to recommend that member states abolish daylight saving time
17436604,361,"Tesla meets self-imposed deadline for Model 3, rolls out 5000 cars in a week"
18628140,361,They Rejected Us
17251471,361,Remote Only
17780092,361,Elon Musk Confronts a Fateful Tweet and an ‘Excruciating’ Year
17544161,360,Prime Down: Amazon’s sale day turns into fail day
18399145,360,“A Horrifically Bad Idea”: Smartphone Voting Is Coming
17238241,360,"Behind the Messy, Expensive Split Between Facebook and WhatsApp’s Founders"
18183768,360,"Globally, Almost Four Out of Ten Music Consumers Are Pirates"
17030320,359,Facebook now denying access unless EU users opt-in to tracking
17726345,359,Engineering whiteboard interviews: yay or nay?
16676782,359,Facebook denies it collects call and SMS data from phones without permission
16060658,358,Teens Aren’t Partying Anymore
16362705,358,Unilever threatens to pull its ads from Facebook and Google over 'toxic content'
17842902,358,The Student Debt Problem Is Worse Than We Imagined
18169655,358,"H-1B: As immigration furor roils Silicon Valley, Canada smooths way for techies"
17079952,358,"JavaScript is Good, Actually"
16781639,357,Richest 1% on target to own two-thirds of all wealth by 2030
17431609,357,Why you should not use Google Cloud
16280567,357,"Ikea founder leaves fortune to no one, structures it to ensure it lasts forever"
18019219,357,"Evernote just slashed 54 jobs, or 15 percent of its workforce"
17699530,357,Introducing Android 9 Pie
17586251,356,A new digital divide: Young people who can’t use keyboards
18335011,356,"Humanity has wiped out 60% of animals since 1970, major report finds"
17111608,356,"I've Paid $18,000 to a $24,000 Student Loan, and I Still Owe $24,000"
17425377,356,"I'm Scott Aaronson, quantum computing/computational complexity researcher. AMA"
16163085,355,Bitcoin Fall Extends to 25% as Fears of Crackdown Linger
18070183,355,Google Maps won't let you save home address without allowing all Google tracking
16780715,355,I miss Windows Phone
17247890,355,The New Yorker has formed a union
16432344,355,"""Pwned Passwords"" V2 With Half a Billion Passwords"
17190992,354,Why Is Front-End Development So Unstable?
18654998,354,Super Micro says review found no malicious chips in motherboards
18378332,354,Microsoft Releases a Linux Version of the ProcDump Sysinternals Tool
17397852,354,"Mumbai bans plastic bags, bottles, and single-use plastic containers"
16144202,354,What It Felt Like in Hawaii When Warning of an In-Bound Missile Arrived
16693964,354,Uber will not re-apply for self-driving car permit in California
17846335,354,Bitcoin's Use in Commerce Keeps Falling
16803874,354,Why Does “=” Mean Assignment?
17200996,353,America’s Teens Are Choosing YouTube Over Facebook
17250963,353,GitHub Is Microsoft’s $7.5B Undo Button
17989717,353,"The iPhone SE was the best phone Apple ever made, and now it’s dead"
18135168,353,'Siri I'm getting pulled over': New shortcut can automatically record the police
16766846,353,Stripe Billing
18147063,353,Amazon private label brands are quietly taking over Amazon.com
18078184,352,Ex-Google Employee Urges Lawmakers to Take on Company
18030446,351,Show HN: Sublime Merge – A Git client from the makers of Sublime Text
18212339,351,The highest paid workers in Silicon Valley are product managers (2016)
17448439,351,PEP 572: Python assignment expressions has been accepted
17541600,350,Twitch streamers who spend years broadcasting to no one
16821054,350,Tesla Was Kicked Off Fatal Crash Probe by NTSB
16567009,350,Slack's bait and switch
16360408,349,Facebook lost around 2.8M U.S. users under 25 last year
17101046,349,Show HN: Whiteboardfree – Developer Jobs at Companies That Don't Whiteboard
17205357,349,Politics is bad because we use an 18th century voting system
18652121,349,Amazon’s Chips Threaten Intel
16311632,349,Dow plunges 1000 points
16907298,349,Now Is the Perfect Time for an RSS Renaissance
16812236,349,Why Can't Hollywood Make a Good Video Game Movie?
18577830,349,8K is now being broadcast in Japan
16648000,348,Cutting ‘Old Heads’ at IBM
16632677,348,Blocklist Facebook domains
16706164,348,Uber Is Ripping Off Frequent Riders and Here’s How to Avoid It
18445714,348,Waymo CEO Says Alphabet Unit Plans to Launch Driverless Car Service
16702324,348,61% of “Entry-Level” Jobs Require 3+ Years of Experience
18433655,348,YouTube CEO calls EU’s proposed copyright regulation financially impossible
17178565,348,"Facebook Tools Are Used to Screen Out Older Job Seekers, Lawsuit Claims"
18790260,347,Microsoft changed how it interviews software developers
16138708,347,What Really Happened with Vista: An Insider's Retrospective
17962248,347,Why Is College in America So Expensive?
18661546,347,Ask HN: Books you read in 2018?
18086418,347,Found hooked up to my router
17996144,347,"In killing Inbox, Google takes another swipe at its most passionate users"
17654574,347,Removing Bad Actors on Facebook
16108553,346,A letter about Google AMP
17763426,345,YC China and Qi Lu
16585120,345,Why Is SQLite Coded in C? (2017)
16766129,345,Apple’s 2019 Mac Pro will be shaped by workflows
16591071,345,"EU wants to require platforms to filter uploaded content, including code"
18250255,345,"OOP Is Dead, Long Live OOP"
17970197,344,Apple can delete purchased movies from your library without telling you
18509735,344,The Google Cemetery – A list of dead Google products and why they died
16969325,344,Facebook announces Clear History feature
16583348,344,Google bans cryptocurrency ads
17489934,344,"Simple, correct, fast: in that order"
16742889,343,Swedes turn against cashlessness
16966695,343,"To solve affordability crisis, Bay Area housing stock must grow 50% in 20 years"
18303560,343,Copyright Office Ruling Imposes Sweeping Right to Repair Reforms
16912679,343,Dumber phone
18454215,343,NY state tax break is $48k per Amazon HQ job
17289449,343,Birth Rates Dropped Most in U.S. Counties Where Home Prices Grew Most
18643427,342,Why Aren’t Rich People Happy With the Money They Have?
17690852,342,Ask HN: What are some niche communities you enjoy?
16877603,342,"Scuttlebutt, a Decentralized Alternative to Facebook"
17917127,342,EU to move ahead with cultural quotas for streaming services
17490319,342,Nissan Admits Internal Emissions-Test Results were Falsified
16864925,342,Ask HN: What are some tech companies that do not use an open floor plan?
18445652,342,Build a do-it-yourself home air purifier for about $25
18147653,342,The iPhone XS and XS Max Review: Unveiling the Silicon Secrets
18734999,341,Brave taking cryptocurrency donations “for me” without my consent
17135945,341,Judge Rules Trump Can’t Block People on Twitter
17920720,340,Google wants websites to adopt AMP as the default for building webpages
18248525,340,"Paul Buchheit on Joining Google, How to Become a Great Engineer, and Happiness"
18411991,340,Why We Need Innovative Nuclear Power
18340693,340,iPhones are allergic to helium
17508554,339,Solar Just Hit a Record Low Price in the U.S
18228740,339,"Ask HN: Is there a modern “power on to basic” computer, for kids to learn on?"
16271005,339,Tech Start-Up Fires Engineers Amid Union Organizing Effort
18718039,339,K-Cup creator John Sylvan regrets inventing Keurig coffee pod system
18165365,339,Tech Workers Now Want to Know: What Are We Building This For?
16997962,339,"NSA collected 500M U.S. call records in 2017, a sharp rise: official report"
17040368,339,Carnegie Mellon Launches Undergraduate Degree in Artificial Intelligence
16189976,339,The US is the most expensive nation in which to have a baby
17343885,339,New US Tariffs are Anti-Maker and Will Encourage Offshoring
17813417,339,Verizon throttled fire department’s “unlimited” data during wildfire
16969089,339,YouTube Stars Being Paid to Sell Academic Cheating
17672415,338,Apple becomes the first $1T company
18706506,338,SpaceX Is Raising $500M at a $30.5B Valuation
17706551,338,EPA is allowing asbestos back into manufacturing
16474327,338,Announcing Flutter beta 1: Build beautiful native apps
16653671,338,Guccifer 2.0 Slipped Up and Revealed He Was a Russian Intelligence Officer
18665048,337,"An open letter to FB, Twitter, Instagram regarding algorithms and my son's birth"
18365131,337,RHEL is deprecating KDE
18541536,337,The Insect Apocalypse Is Here
16194011,337,Intel Has a Big Problem
16668375,336,Is Facebook Really Scarier Than Google?
16160346,336,It can all go to zero
17115643,336,Getting Google to ban our entire company
17547817,336,Linux touchpad like a Macbook: goal worth pursuing?
16882539,336,"Google changes its messaging strategy again: Goodbye to Allo, double down on RCS"
17007630,336,California to become first U.S. state mandating solar on new homes
16577433,336,"Security Researchers Publish Ryzen Flaws, Gave AMD 24 Hours Prior Notice"
18446448,335,Blue Apron lays off more workers
16212299,335,Hetzner Cloud
17418645,335,"We Should Be Building Cities for People, Not Cars (2016)"
18586211,334,"China ‘Is the Only One in the Race’ to Make Electric Buses, Taxis and Trucks"
17316120,334,Ask HN: What has the past 12 months taught you?
16808683,334,Python 2 will be replaced with Python 3 in the next RHEL major release
17916582,334,The #1 Office Perk? Natural Light
17856314,333,Is Rails still relevant in 2018?
17671464,333,You don’t need standups
17819771,333,"Ask HN: Codebase at my work is a complete mess, what should I do?"
16932006,333,Google's “Director of Engineering” Hiring Test (2016)
17626020,332,The last thing libraries need is Silicon Valley “disruption.”
17472974,332,"I’m Peter Roberts, immigration attorney who does work for YC and startups.  AMA"
17724995,332,Chemists discover how blue light speeds blindness
17461506,332,"Why I Don't Love Gödel, Escher, Bach"
16983195,332,Is there a fix for impostor syndrome?
17312588,332,On the Sad State of Macintosh Hardware
17776596,332,What to say when recruiters ask you to name the first number
18010794,332,Self-Driving Cars Can Handle Neither Rain nor Sleet nor Snow
17473131,332,Say Hello to Full Employment
18339448,332,We posed as 100 Senators to run ads on Facebook. Facebook approved all of them
16386429,331,"Hey Microsoft, Stop Installing Apps on My PC Without Asking"
16125077,331,Signal partners with Microsoft to bring end-to-end encryption to Skype
18743465,331,Ask HN: Favorite nonfiction books of 2018?
16917534,331,Electric Buses Are Hurting the Oil Industry
16457261,331,"In an Era of ‘Smart’ Things, Sometimes Dumb Stuff Is Better"
16897994,331,A blockchain is a specific set of choices suitable for a narrow set of use-cases
16283794,331,How does ‘class-passing’ actually work?
18698651,331,The Yoda of Silicon Valley
18066724,331,Apple has completed its acquisition of Shazam
16115279,330,North Carolina Is Ordered to Redraw Its Congressional Map
16139121,330,India has a hole where its middle class should be
16107597,330,Building for the Blockchain
16719736,330,Tesla crash victim had complained about auto-pilot in same location
18111665,329,Kubernetes Is a Surprisingly Affordable Platform for Personal Projects
16644067,329,Users Abandon Facebook After Cambridge Analytica Findings
18776563,329,Tesla Adds Larry Ellison and Kathleen Wilson-Thompson as Board Directors
16281910,329,Worries Grow That the Price of Bitcoin Is Being Propped Up
18533592,329,Questions to Ask Before Joining a Startup
17721601,329,"New York Times Co. Reports $24M Profit, Thanks to Digital Subscribers"
18626316,329,"Choose Firefox Now, or Later You Won't Get a Choice (2014)"
18189139,329,Windows 10 October 2018 Update no longer deletes your data
17915560,328,How true hackers write JavaScript
18237283,328,Cannabis is legal in Canada: What you need to know
16472812,328,"Diesel cars can be banned from German cities, court rules"
18391757,328,Instant runoff voting is the system we need
16936041,328,Relative's DNA from genealogy websites cracked East Area Rapist case
17068138,328,I Don’t Know How to Waste Time on the Internet Anymore
17709068,327,"Musk mulls taking Tesla private, Saudi sovereign fund builds $2B stake"
17586547,327,Intel patches new ME vulnerabilities
18708356,327,"Blue Apron becomes a penny stock, trading under $1 for the first time"
18202118,327,Jason Fung explains why intermittent fasting diets work
18601588,327,Google's cross-platform Flutter UI toolkit goes 1.0
18376456,326,Philosophy Has Made Plenty of Progress
16056156,326,Spotify hit with $1.6B copyright lawsuit
17681582,326,Nearly Half of Americans Are Lonely
17967853,326,Preventing Muscle Loss as We Age
16497551,326,"YouTube Hiring for Some Positions Excluded White and Asian Males, Lawsuit Says"
17057305,326,Plastic Bag Found at the Bottom of World's Deepest Ocean Trench
16097945,326,Google Pay
17553371,326,‘Star Citizen’ Court Case Reveals the Messy Reality of Crowdfunding a $200M Game
16238937,325,How to Run Your Own Mail Server (2017)
18053337,325,Modifications to Google Chromium for removing Google integration
16322277,325,Python’s Weak Performance Matters
16120235,325,Bitcoin has little shot at ever being a major global currency
18287939,324,Perl 11
16394223,324,"U.S. Charges 13 Russians, 3 Companies for Interfering with Election"
17012995,324,Concorde ‘B’
17942252,323,Tell HN: Using Gmail? You will be force logged into Chrome
16519432,323,"Eight Years On, Google Fiber Is a Faint Echo of the Disruption Promised"
17495637,323,Microsoft announces Surface Go
16468196,323,Show HN: Six Degrees of Wikipedia
18138793,323,IQ Matters Less Than You Think
17264376,323,Anthony Bourdain has died
18304329,323,"At Netflix, Radical Transparency and Blunt Firings Unsettle the Ranks"
18611678,323,Internal Tensions at Facebook Are Boiling Over
17263565,323,Nearly 80% of Japan’s Airbnbs removed in response to new home-share law
16473508,323,California to allow testing of self-driving cars without a driver present
18618365,323,"Tesla's giant battery saved $40M during its first year, report says"
16322720,323,Americans are spending less on clothing
18392655,322,Impostor syndrome strikes men just as hard as women in technical interviews
17487552,322,"Show HN: Browsh – A modern, text-based browser"
16213280,322,DuckDuckGo moves beyond search to also protect you while browsing
16898827,322,You probably don't need AI/ML. You can make do with well written SQL scripts
16679760,322,A Proposal for Package Versioning in Go
17815892,322,Valve Rolls Out Wine-Based “Proton” for Running Windows Games on Linux
16346039,322,"In web design, everything easy is hard again"
16535067,322,Continuing frequency deviation in the Continental European Power System
17248630,321,Performance Reviews Are a Waste of Time
16177146,321,Why People Dislike Really Smart Leaders
17639617,321,"The Blockchain Bubble Will Pop, What Next?"
17763011,321,Katie's New Face
16532788,321,Coinbase Index Fund
17024637,321,You can now run Linux apps on Chrome OS
16711996,321,FCC Authorizes SpaceX to Provide Broadband Satellite Services
17507511,321,The San Franciso Fire Department makes its own wooden ladders by hand
18202028,320,Firefox removes core product support for RSS/Atom feeds
16883882,320,Be likeable or get fired
16684353,320,Arizona Government Suspends Uber's Self Driving Cars from Roads
16555106,320,FCC Accuses Stealthy Startup of Launching Rogue Satellites
17522224,320,North American vs. Japanese zoning
16852411,320,"What Data Does Facebook Collect When I’m Not Using Facebook, and Why?"
17147075,319,Three Charged in Fatal Kansas ‘Swatting’ Attack
16494387,319,Canada to Scrap IBM Payroll Plan Gone Awry Costing $1B
17073559,319,Shell Style Guide
16776932,319,Backpage.com seized by U.S. justice authorities
16775827,319,Google seeks to limit ‘right to be forgotten’ by claiming it’s journalistic
17211696,319,Google quits selling tablets
17008876,319,"96-Year-Old Secretary Quietly Amasses Fortune, Then Donates $8.2M"
18713436,319,Windows Sandbox
16125398,319,Chinese Workers Abandon Silicon Valley for Riches Back Home
17032805,319,California Votes to Require Rooftop Solar Power on New Homes
18495697,318,You might not need Kubernetes
18454254,318,Uber Revenue Slows as Quarterly Loss Surges to $1.1B
17679451,318,Periodic fasting starves cisplatin‐resistant cancers to death
17088977,318,"YouTube Music, a new music streaming service, is coming soon"
18459016,318,Japan's cyber-security minister has 'never used a computer'
17439171,318,The Machine That Builds Itself: The Strengths of the Lisp Languages (2016)
16752468,318,A man who spent $100K to remove a lie from Google
17417282,318,"Amazon buys PillPack, an online pharmacy, for just under $1B"
18407784,317,Ford Buying San Francisco-Area E-Scooter Startup Spin
18561715,317,'Talent Wants Transit': Companies Near Transportation Gaining the Upper Hand
16159808,317,Leap: An Online Community for Women
18292358,317,"Arabic, a great language, has a low profile"
16129454,317,"Tea if by sea, cha if by land: Why the world only has two words for tea"
18258223,317,Apple CEO Tim Cook Calling for Bloomberg to Retract Its Chinese Spy Chip Story
17804371,316,Startup School Advisor Track: You Are In
16297550,316,How Google Chrome’s ad blocker works
17451301,316,Cities don't have to offer huge subsidies to companies like Apple and Amazon
16430214,316,Technology Change Not the Culprit in Wages Falling Behind US Productivity Gains
18497218,316,The Homeless Crisis Is Getting Worse in America’s Richest Cities
17043629,316,Emails Show FDA Chemists Have Been Finding Glyphosate in Food
16967675,316,C Is Not a Low-Level Language
16745042,315,Ask HN: What are the best MOOCs you've taken?
17008944,315,Why Is It Hard to Make Friends Over 30? (2012)
17915829,315,"Kitty – a fast, featureful, GPU based terminal emulator"
17589482,315,"Ask HN: Got a CS degree, but I’m unable to be programmer. What can I do?"
16255711,315,Microsoft disables Spectre mitigations as Intel’s patches cause instability
16700450,315,Will MySpace ever lose its monopoly? (2007)
16734739,315,Sinclair Made Dozens of Local News Anchors Recite the Same Script
16939619,314,EU agrees on total ban of bee-harming pesticides
18391246,314,Three European Countries Block Tax on Tech Giants
18450181,314,I Used to Be Homeless
17462089,314,EU copyright law proposal rejected
16208686,313,Netflix is now worth more than $100B
16936652,313,Impersonators who are paid to flirt on dating apps
18262101,313,Fake review factories that run on Facebook and post five-star Amazon reviews
18132736,313,Ask HN: What did you learn the hard way?
18407173,313,Tell HN: Amazon now owns 3.0.0.0/8
18620404,313,The Rise of Microsoft Visual Studio Code
18583288,312,I quit Instagram and Facebook and it made me happier
17478133,312,Guidelines for Brutalist Web Design
18148749,312,Making sense of the alleged Supermicro motherboard attack
16231806,312,Robinhood Crypto – Invest in Bitcoin and other cryptocurrencies
17558200,312,Google warns Android might not remain free because of EU decision
16750733,312,Fifty or Sixty Years of Processor Development for This?
16413668,312,Elm changed my mind about unpopular languages
16657385,312,C for All
16844775,312,ReactOS releases 0.4.8 with experimental Vista/7/10 software compatibility
18125426,312,In Praise of Mediocrity
18290228,312,What Comes After the Roomba?
16659410,311,100 days with Rust: a series of brick walls
16732820,311,DNS Performance compared: CloudFlare 1.1.1.1 x Google 8.8.8.8 x Quad9 x OpenDNS
18327342,311,"With Proton and Steam Play, many Windows games now work on Linux"
17169314,311,Macron Vowed to Make France a ‘Startup Nation.’ Is It Getting There?
18147467,311,The Awful German Language (1880)
17523056,311,Digital Exile: How I Got Banned for Life from AirBnB
17698237,311,The world is losing the war against climate change
17780127,310,24-core CPU and I can’t type an email
16208832,310,"Once seniors are too old to drive, our transportation system fails them"
17790163,310,The new MacBook Pros with T2 chips do indeed kernel panic randomly
18595247,310,YouTube top earners: A seven-year-old making $22M
16577714,310,ACME v2 and Wildcard Certificate Support is Live
16856090,310,"Whois public database is in breach of GDPR, according to European authorities"
16324597,310,SpaceX craft overshot Mars’ orbit and is headed to asteroid belt
17884215,310,Can Beethoven send takedown requests?
17015661,309,Conversations with a six-year-old on functional programming
17726323,309,A Dutch first: Ingenious BMW theft attempt
16094797,309,Exercise Alters Our Microbiome
17823886,309,How I recorded user behaviour on my competitor’s websites
18030825,309,New York inmate's golf drawings lead to exoneration in murder
18152792,308,Apple Insiders Say Nobody Knows What’s Going on with Bloomberg's Hack Story
17131637,308,Zuckerberg didn’t make any friends in Europe today
18328393,308,My Parents Give Me $28k a Year
17974273,308,"China now the most prolific contributor to physical sciences, engineering, math"
18736378,308,AT&T will put a fake 5G logo on its 4G LTE phones
17414383,308,How not to structure database-backed web apps: performance bugs in the wild
17368139,308,Burger Robot Startup Opens First Restaurant
16735956,308,Grindr Shares Personal Information With Third-Parties
17778108,308,Traveling the World on a Third World Passport
18319347,307,"Scooters are taking cars off the road, a survey says"
16049242,307,Clang runs in the browser and compiles C++ to WebAssembly
18225870,307,How Lisp Became God's Own Programming Language
18549522,306,How Restaurants Got So Loud
18188519,306,Arguing against using protobuffers
16371357,306,What to Do When Laptops and Silence Take Over Your Cafe?
16706326,306,Surgeons urge people to throw out bristle BBQ brushes (2016)
18725413,306,We should replace Facebook with personal websites
16965414,306,Medium tries to prevent people reading deleted articles on the Wayback Machine?
17024245,306,Android P
16631401,306,‘Testilying’ by Police: A Stubborn Problem
17806459,306,Startup School: Every Company That Applied Is Now Accepted
18560203,305,Microsoft Is Worth as Much as Apple. How Did That Happen?
18681447,305,SIPC Says It Has Serious Concerns About Robinhood's New Product
17181046,304,"UTC Is Enough for Everyone, Right?"
16395372,304,"Deodorants, perfumes, soaps pollute air at levels as high as cars"
16400950,304,The case for ending Amazon’s dominance
17229397,304,Why We Disagree with The New York Times
16098402,304,Stanford paper says rent control is driving up cost of housing in San Francisco
16964907,304,You know how HTTP GET requests are meant to be idempotent?
17320693,304,Nation’s top three most expensive places for renters: all in Bay Area
18141461,304,Go hits the concurrency nail on the head
16460320,303,Samsung Galaxy S9 and S9+
16969189,303,Facebook is launching a dating feature
16795089,303,Uber enters dockless bike wars with Jump acquisition
18763531,303,"As Bitcoin Sinks, Industry Startups Are Forced to Cut Back"
17381724,303,Hundreds of skulls reveal massive scale of human sacrifice in Aztec capital
18617791,303,Lyft Files for IPO
17351353,302,Microsoft Employees Protest Work with ICE
18301532,302,Do the Rich Capture All the Gains from Economic Growth?
18458819,302,PG&E stock plunged 32% after it disclosed a possible link to California’s fire
18661890,302,Employees at Amazon's New NYC Warehouse Launch Unionization Push
16775744,302,Ask HN: How to self-learn electronics?
18129391,302,Why I’m Worried About Google
16551147,301,Lab-grown diamonds threaten viability of the real gems
17795143,301,Insurance copays are higher than the cost of the drug about 25% of the time
17655502,301,Waymo's Self-Driving Cars Are Near: Meet a Teen Who Rides One Every Day
17925637,301,GIMP receives a $100K donation
17882345,301,"San Francisco Denies Scooter Permits for Bird, Lime, Uber and Lyft"
18039489,301,NewSQL databases fail to guarantee consistency and I blame Spanner
18568552,301,Marriott hack hits 500M Starwood guests
18019700,301,"Woman Rides Bicycle to 183.9 MPH, a New World Record"
17526695,301,WeWork Will No Longer Let Employees Expense Any Kind of Meat
17802751,301,Tiny Plastic Is Everywhere
18050090,301,Let Teenagers Sleep In
18473697,301,Oil Demand for Cars Is Already Falling
18523847,300,Time to break academic publishing's stranglehold on research
18336202,300,Why Jupyter is data scientists’ computational notebook of choice
18345243,300,Clojure at Netflix (2013) [slides]
17936860,300,My Story as a Homeless Developer
16115240,300,Buffett Says Stock Ownership Became More Attractive With Tax Cut
18188242,300,Uniqlo cut 90% of staff at one warehouse by replacing them with robots
17036497,300,Common Lisp homepage
18198502,299,Tell HN: Now Washington Post is asking to turn off Firefox's tracking protection
18733837,299,Electron 4.0.0
16681351,299,Being frugal is for the rich
17275742,298,Taxation of Carried Interest
17874626,298,"The 20-Hour Flight Is Coming, and It May Have a Gym and Bunks"
17690534,298,Firefox’s Trusted Recursive Resolver DNS feature is dangerous
17577372,298,"PeerTube, the “Decentralized YouTube”, succeeds in crowdfunding"
16430137,298,Why It’s So Hard to Actually Work in Shared Offices
17831797,297,The Bitter Regrets of a Useless Chinese Daughter
18771226,297,Epic Games banked a $3B profit in 2018
17287239,297,Habits of Highly Miserable People
17395493,297,Introducing A16Z Crypto
17482067,297,China Begins Production Of x86 Processors Based On AMD's IP
16738016,297,UN: Facebook has turned into a beast in Myanmar
18336531,297,The backlash against overtourism
18445609,296,"Ask HN: I've been a programmer for 6 years, and I can't solve basic CS problems"
18797364,296,Federal judge finds state law governing who is an engineer violates free speech
18233763,296,ChuChu TV is responsible for widely-viewed toddler content on YouTube
16340732,296,"Amazon will launch its own delivery service to compete with FedEx, UPS"
16609116,296,Tech Giants Set to Face 3% Tax on Revenue Under New EU Plan
18302162,296,Introducing Hooks
18234867,296,Evergreen: a React UI Framework built by Segment
17672193,296,Three Levels of Wealth
17364899,296,Intel CEO resigns after relationship with employee
16367457,295,Chrome will stop displaying ads that are repeatedly flagged as disruptive
16267202,295,Xi: an editor for the next 20 years [video]
16441968,295,Who's Missing from America's Colleges? Rural High School Graduates
17719173,295,Uber Hit with Cap as New York City Takes Lead in Crackdown
17045308,295,Study Shows a Productivity Boost of Working From Home
18207276,295,The Reason We Haven’t Directly Detected Dark Matter
17151801,295,"In Germany, the use of cash has become a proxy for concerns about trust, privacy"
16818593,295,Non-profit’s $300 hepatitis C cure as effective as $84k alternative
16240874,295,"Tokyo-based cryptocurrency exchange hacked, losing $530M: NHK"
18764770,294,Apple needs to change iPhone’s call UI because robocalls are killing us
16923609,294,90-minute ‘super commutes’ more common as Bay Area housing shortage intensifies
18706785,294,Stop Learning Frameworks
17551229,294,"U.S. to make More Drugs Easily Available, Cutting Role Doctors Play"
17421140,294,Marketing Firm Exactis Leaked a Personal Info Database with 340M Records
16402439,294,"In Switzerland, it's now illegal to boil a live lobster"
17577517,294,Nike Says Its $250 Running Shoes Will Make You Run Much Faster
17129628,294,40% of Americans can't cover a $400 emergency expense
16340741,294,VLC 3.0 release
16919221,294,A rundown of the new Gmail
18069077,294,Google CEO Sundar Pichai to Meet with Top GOP Lawmakers
17266492,294,The Decline of the MacBook Pro
16184255,294,Reality has a surprising amount of detail (2017)
18778674,293,Fundamental rule of traffic: building new roads makes people drive more (2015)
16214821,293,The Challenges of Being in the New Contract Workforce
16142808,293,Rust in 2018: easier to use
16642340,293,"California should emulate Tokyo, where housing stayed ahead of population growth"
16276911,292,Why Create a New Unix Shell?
18695791,292,Browsers
17196888,292,Amazon follows Google and Apple and bans system-wide ad blockers on app store
18373543,292,My Amazon Interview Horror Story
17989303,292,Ultimate Hacking Keyboard
16052451,292,Linux page table isolation is not needed on AMD processors
18619774,292,Microsoft Edge and open source collaboration
18629735,292,"American Entrepreneurs Who Flocked to China Are Heading Home, Disillusioned"
17117111,291,"Spend analysis of 6 years, 686 rides, and $12k spent on Uber (2017)"
17129086,291,Winds 2.0: It’s Time to Revive RSS
18751049,291,"If Solar Panels Are So Clean, Why Do They Produce So Much Toxic Waste?"
18796496,291,"Wielding Rocks and Knives, Arizonans Attack Self-Driving Cars"
16226251,291,Scientists In Alaska Find Mammoth Amounts Of Carbon In The Warming Permafrost
16962328,291,Jan Koum to leave after broad clashes with Facebook
16427807,291,Why has CPU frequency ceased to grow? (2014)
17960690,291,Dark Motives and Elective Use of Brainteaser Interview Questions
16741867,291,Reddit’s Redesign
18269554,291,"A Billionaire Pledges to Fight High Drug Prices, and the Industry Is Rattled"
17530813,291,American Cities Are Drowning in Car Storage
